{
    "loss": 38.338218688964844,
    "accuracy": 0.21052631735801697
}